Name,Position,Club,Market Value (During Transfer),Goals Scored,Minutes Played,Assists
Dani Olmo,Midfield,FC Barcelona,EUR60.00m,3,189,3
Ayoze Perez,Attack,Villarreal CF,EUR7.00m,5,248,3
Borja Iglesias,Centre-Forward,Celta de Vigo,EUR5.00m,5,243,3
Abel Ruiz,Centre-Forward,Girona FC,EUR12.00m,5,373,2
Giovani Lo Celso,Midfield,Real Betis Balompie,EUR16.00m,2,107,2
Toni Martinez,Centre-Forward,Deportivo Alaves,EUR5.00m,3,72,2
Raul Moro,Attack,Real Valladolid CF,EUR2.50m,5,336,2
Juan Cruz,Attack,CD Leganes,EUR1.50m,5,247,2
Alexander Sorloth,Centre-Forward,Atletico de Madrid,EUR25.00m,5,208,1
Sergi Cardona,Defender,Villarreal CF,EUR6.00m,5,446,1
Hugo Alvarez,Attack,Celta de Vigo,EUR1.50m,5,392,1
Julian Alvarez,Centre-Forward,Atletico de Madrid,EUR90.00m,5,237,1
Endrick,Centre-Forward,Real Madrid,EUR60.00m,4,10,1
Conor Gallagher,Midfield,Atletico de Madrid,EUR50.00m,3,192,1
Vitor Roque,Centre-Forward,Real Betis Balompie,EUR30.00m,3,147,1
Logan Costa,Defender,Villarreal CF,EUR12.00m,3,212,1
Bryan Gil,Attack,Girona FC,EUR14.00m,5,395,1
Alejo Veliz,Centre-Forward,RCD Espanyol Barcelona,EUR9.00m,5,371,1
Enzo Boyomo,Defender,CA Osasuna,EUR3.00m,2,180,1
Tomas Conechny,Attack,Deportivo Alaves,EUR4.50m,4,271,1
Thierno Barry,Centre-Forward,Villarreal CF,EUR4.00m,4,236,1
Abel Bretones,Defender,CA Osasuna,EUR1.80m,4,330,1
Asier Villalibre,Centre-Forward,Deportivo Alaves,EUR2.50m,3,85,1
Alex Munoz,Defender,UD Las Palmas,EUR1.20m,3,192,1
Chrisantus Uche,Midfield,Getafe CF,EUR400k,5,444,1
Enric Franquesa,Defender,CD Leganes,EUR1.50m,5,249,1
Oli McBurnie,Centre-Forward,UD Las Palmas,EUR4.50m,5,422,0
Alvaro Tejero,Defender,RCD Espanyol Barcelona,EUR2.00m,5,246,0
Sergio Gomez,Attack,Real Sociedad,EUR10.00m,6,418,0
Marc Roca,Midfield,Real Betis Balompie,EUR9.00m,5,437,0
Walid Cheddira,Centre-Forward,RCD Espanyol Barcelona,EUR6.00m,3,78,0
Donny van de Beek,Midfield,Girona FC,EUR5.00m,2,30,0
Stoichkov,Second Striker,Deportivo Alaves,EUR4.00m,5,288,0
Diego Conde,Goalkeeper,Villarreal CF,EUR2.00m,5,450,0
Joan Jordan,Midfield,Deportivo Alaves,EUR3.50m,1,26,0
Gerard Gumbau,Midfield,Rayo Vallecano,EUR3.00m,3,135,0
Marc Casado,Midfield,FC Barcelona,EUR2.50m,3,241,0
Rafa Mir,Centre-Forward,Valencia CF,EUR2.50m,4,241,0
Oscar Rodriguez,Midfield,CD Leganes,EUR2.50m,4,250,0
Amath Ndiaye,Attack,Real Valladolid CF,EUR1.50m,4,182,0
Adrian Embarba,Attack,Rayo Vallecano,EUR1.80m,5,341,0
Diego Rico,Defender,Getafe CF,EUR1.50m,5,444,0
Pablo Duran,Centre-Forward,Celta de Vigo,EUR300k,2,79,0
Bryan Zaragoza,Attack,CA Osasuna,EUR12.00m,5,335,0
Iker Almena,Attack,Girona FC,-,2,46,0
Giorgi Mamardashvili,Goalkeeper,Valencia CF,EUR45.00m,5,450,0
Robin Le Normand,Defender,Atletico de Madrid,EUR40.00m,5,450,0
Nayef Aguerd,Defender,Real Sociedad,EUR35.00m,2,165,0
Albert Sambi Lokonga,Midfield,Sevilla FC,EUR15.00m,2,153,0
Alvaro Djalo,Attack,Athletic Bilbao,EUR15.00m,2,84,0
Arnaut Danjuma,Attack,Girona FC,EUR13.00m,2,100,0
Valentin Barco,Defender,Sevilla FC,EUR13.00m,2,91,0
Natan,Defender,Real Betis Balompie,EUR12.00m,4,274,0
Kelechi Iheanacho,Centre-Forward,Sevilla FC,EUR12.00m,2,75,0
Fabio Silva,Centre-Forward,UD Las Palmas,EUR11.00m,1,27,0
Clement Lenglet,Defender,Atletico de Madrid,EUR10.00m,0,0,0
Sebastien Haller,Centre-Forward,CD Leganes,EUR10.00m,1,90,0
Pau Lopez,Goalkeeper,Girona FC,EUR10.00m,0,0,0
Hector Fort,Defender,FC Barcelona,EUR10.00m,1,29,0
Yaser Asprilla,Attack,Girona FC,EUR9.00m,3,84,0
Scott McKenna,Defender,UD Las Palmas,EUR9.00m,5,368,0
Nicolas Pepe,Attack,Villarreal CF,EUR8.50m,4,132,0
Manu Sanchez,Defender,Deportivo Alaves,EUR8.00m,4,297,0
Ladislav Krejci,Defender,Girona FC,EUR10.00m,1,9,0
Saul Niguez,Midfield,Sevilla FC,EUR7.50m,2,179,0
Javi Lopez,Defender,Real Sociedad,EUR7.50m,5,379,0
Enzo Barrenechea,Midfield,Valencia CF,EUR7.50m,1,45,0
Diego Llorente,Defender,Real Betis Balompie,EUR7.00m,5,450,0
Unai Nunez,Defender,Athletic Bilbao,EUR7.00m,0,0,0
Lucien Agoume,Midfield,Sevilla FC,EUR6.00m,5,277,0
Chidera Ejuke,Attack,Sevilla FC,EUR6.00m,4,266,0
Luiz Junior,Goalkeeper,Villarreal CF,EUR6.00m,0,0,0
Orri Oskarsson,Centre-Forward,Real Sociedad,EUR5.00m,3,80,0
Andoni Gorosabel,Defender,Athletic Bilbao,EUR5.00m,2,94,0
Alex Kral,Midfield,RCD Espanyol Barcelona,EUR5.00m,5,393,0
Juan Musso,Goalkeeper,Atletico de Madrid,EUR5.00m,1,90,0
Romain Perraud,Defender,Real Betis Balompie,EUR5.00m,5,360,0
Augusto Batalla,Goalkeeper,Rayo Vallecano,EUR5.00m,1,90,0
Willy Kambwala,Defender,Villarreal CF,EUR5.00m,1,90,0
Luka Romero,Attack,Deportivo Alaves,EUR5.00m,3,95,0
Renato Tapia,Midfield,CD Leganes,EUR5.00m,5,109,0
James Rodriguez,Midfield,Rayo Vallecano,EUR5.00m,1,3,0
Bojan Miovski,Centre-Forward,Girona FC,EUR4.00m,2,95,0
Marash Kumbulla,Defender,RCD Espanyol Barcelona,EUR4.50m,4,335,0
Takuma Asano,Attack,RCD Mallorca,EUR4.00m,6,321,0
Alejandro Frances,Defender,Girona FC,EUR4.00m,3,264,0
Stipe Biuk,Attack,Real Valladolid CF,EUR4.00m,0,0,0
Peque Fernandez,Second Striker,Sevilla FC,EUR3.00m,3,108,0
Cenk Ozkacar,Defender,Real Valladolid CF,EUR4.00m,2,92,0
Alex Sola,Attack,Getafe CF,EUR4.00m,5,373,0
Valentin Rosier,Defender,CD Leganes,EUR4.00m,5,393,0
Luis Rioja,Attack,Valencia CF,EUR4.00m,4,271,0
Eray Comert,Defender,Real Valladolid CF,EUR4.00m,4,326,0
Juan Bernat,Defender,Villarreal CF,EUR4.00m,2,17,0
Stole Dimitrievski,Goalkeeper,Valencia CF,EUR4.00m,0,0,0
Carlos Martin,Centre-Forward,Deportivo Alaves,EUR3.50m,2,55,0
Bertug Yildirim,Centre-Forward,Getafe CF,EUR3.50m,3,243,0
Ricardo Rodriguez,Defender,Real Betis Balompie,EUR3.50m,2,90,0
Jackson Porozo,Defender,CD Leganes,EUR3.30m,0,0,0
Ilaix Moriba,Midfield,Celta de Vigo,EUR3.00m,3,159,0
Chiquinho,Attack,RCD Mallorca,EUR3.00m,0,0,0
Victor Meseguer,Midfield,Real Valladolid CF,EUR2.20m,5,155,0
Peter Federico,Attack,Getafe CF,EUR3.00m,5,135,0
Juanmi Latasa,Centre-Forward,Real Valladolid CF,EUR2.80m,3,152,0
Pau Victor,Centre-Forward,FC Barcelona,EUR1.50m,4,27,0
Hugo Novoa,Defender,Deportivo Alaves,EUR2.50m,3,130,0
Pedro Diaz,Midfield,Rayo Vallecano,EUR2.50m,1,5,0
Miguel de la Fuente,Centre-Forward,CD Leganes,EUR2.50m,4,283,0
Carles Perez,Attack,Getafe CF,EUR2.50m,5,309,0
Maximiliano Caufriez,Defender,Valencia CF,EUR2.50m,0,0,0
Naci Unuvar,Attack,RCD Espanyol Barcelona,EUR2.50m,0,0,0
Alvaro Fernandez,Goalkeeper,Sevilla FC,EUR2.50m,0,0,0
Munir El Haddadi,Attack,CD Leganes,EUR2.50m,2,64,0
Valery Fernandez,Attack,RCD Mallorca,EUR2.50m,2,47,0
Jon Aramburu,Defender,Real Sociedad,EUR2.50m,4,171,0
Roberto Lopez,Midfield,CD Leganes,EUR2.50m,2,26,0
Manu Fuster,Attack,UD Las Palmas,EUR2.40m,4,78,0
Juan Berrocal,Defender,Getafe CF,EUR1.00m,1,90,0
Johan Mojica,Defender,RCD Mallorca,EUR2.20m,6,396,0
Stanko Juric,Midfield,Real Valladolid CF,EUR2.20m,5,305,0
Karl Hein,Goalkeeper,Real Valladolid CF,EUR2.00m,5,450,0
Marvin Park,Attack,UD Las Palmas,EUR2.00m,5,366,0
Marcos Alonso,Defender,Celta de Vigo,EUR2.00m,1,15,0
Moussa Diarra,Defender,Deportivo Alaves,EUR2.00m,3,155,0
Santiago Mourino,Defender,Deportivo Alaves,EUR1.20m,1,26,0
Oriol Romeu,Midfield,Girona FC,EUR2.00m,4,241,0
Iker Losada,Second Striker,Real Betis Balompie,EUR1.80m,2,19,0
Juan Soriano,Goalkeeper,CD Leganes,EUR1.50m,5,450,0
Matija Nastasic,Defender,CD Leganes,EUR1.50m,1,45,0
Viti Rozada,Defender,UD Las Palmas,EUR1.50m,4,109,0
Pablo Marin,Midfield,Real Sociedad,EUR1.50m,3,42,0
Dinko Horkas,Goalkeeper,UD Las Palmas,EUR1.20m,0,0,0
Marc Bernal,Midfield,FC Barcelona,EUR1.00m,3,244,0
Jon Magunazelaia,Midfield,Real Sociedad,EUR1.00m,0,0,0
Ivan Gil,Midfield,UD Las Palmas,EUR1.00m,0,0,0
Jaime Mata,Centre-Forward,UD Las Palmas,EUR900k,5,163,0
Marko Dmitrovic,Goalkeeper,CD Leganes,EUR900k,0,0,0
Robert Navarro,Midfield,RCD Mallorca,EUR6.00m,3,126,0
Sergi Guardiola,Centre-Forward,Rayo Vallecano,EUR800k,1,3,0
Mateu Morey,Defender,RCD Mallorca,EUR800k,0,0,0
Mikel Jauregizar,Midfield,Athletic Bilbao,EUR800k,4,199,0
Andre Ferreira,Goalkeeper,Real Valladolid CF,EUR800k,0,0,0
Jiri Letacek,Goalkeeper,Getafe CF,EUR600k,0,0,0
Adrian,Goalkeeper,Real Betis Balompie,EUR600k,0,0,0
Jasper Cillessen,Goalkeeper,UD Las Palmas,EUR1.30m,5,450,0
Fran Vieites,Goalkeeper,Real Betis Balompie,EUR500k,0,0,0
Adama Boiro,Defender,Athletic Bilbao,EUR400k,1,79,0
Irvin Cardona,Centre-Forward,RCD Espanyol Barcelona,EUR2.50m,4,178,0
Pedro Ortiz,Midfield,Sevilla FC,EUR400k,0,0,0
Gerard Martin,Defender,FC Barcelona,EUR400k,4,93,0
Mario Martin,Midfield,Real Valladolid CF,EUR300k,3,128,0
Alfon Gonzalez,Attack,Celta de Vigo,EUR300k,2,111,0
Chuki,Midfield,Real Valladolid CF,EUR300k,4,87,0
Angel Fortuno,Goalkeeper,RCD Espanyol Barcelona,EUR300k,0,0,0
Joaquin Panichelli,Centre-Forward,Deportivo Alaves,EUR300k,0,0,0
Javi Rodriguez,Defender,Celta de Vigo,EUR250k,4,299,0
Alex Padilla,Goalkeeper,Athletic Bilbao,EUR200k,2,180,0
Antoniu Roca,Attack,RCD Espanyol Barcelona,EUR200k,2,27,0
Pelayo Fernandez,Defender,Rayo Vallecano,EUR150k,0,0,0
Dani Gomez,Centre-Forward,Valencia CF,EUR1.20m,4,117,0
Unai Egiluz,Defender,Athletic Bilbao,EUR100k,0,0,0
Nabil Aberdin,Defender,Getafe CF,EUR100k,3,224,0
Alvin Abajas,Goalkeeper,CD Leganes,EUR25k,0,0,0
Aboubacar Bassinga,Midfield,UD Las Palmas,-,1,3,0
Joel Roca,Attack,Girona FC,-,0,0,0
Marc Domenech,Centre-Forward,RCD Mallorca,-,3,115,0
Mikayil Faye,Defender,FC Barcelona,EUR10.00m,0,0,N/A
Chadi Riad,Defender,Real Betis Balompie,EUR15.00m,0,0,N/A
Alvaro Rodriguez,Centre-Forward,Real Madrid,EUR3.50m,0,0,N/A
Adnan Januzaj,Attack,UD Las Palmas,EUR2.00m,0,0,N/A
Adria Altimira,Defender,Villarreal CF,EUR2.00m,0,0,N/A
Facundo Garces,Defender,Deportivo Alaves,EUR1.80m,0,0,N/A
Carlos Romero,Defender,Villarreal CF,EUR1.50m,0,0,N/A
Jorge Pascual,Centre-Forward,Villarreal CF,EUR1.00m,0,0,N/A
Andres Ferrari,Centre-Forward,Villarreal CF,EUR1.00m,0,0,N/A
Jon Gorrotxategi,Midfield,Real Sociedad,EUR500k,0,0,N/A
Unai Ropero,Attack,Deportivo Alaves,EUR500k,0,0,N/A
Javi Hernandez,Midfield,RCD Espanyol Barcelona,EUR500k,0,0,N/A
Ander Yoldi,Attack,CA Osasuna,EUR400k,0,0,N/A
Gaston Valles,Centre-Forward,RCD Espanyol Barcelona,EUR400k,0,0,N/A
Ivan Cedric,Centre-Forward,UD Las Palmas,EUR400k,0,0,N/A
Yanis Senhadji,Centre-Forward,Real Betis Balompie,EUR300k,0,0,N/A
Hugo Gonzalez,Attack,Valencia CF,EUR300k,0,0,N/A
Alberto Dadie,Attack,Real Sociedad,EUR250k,0,0,N/A
Hugo Rincon,Defender,Athletic Bilbao,EUR250k,0,0,N/A
Victor Parada,Defender,Deportivo Alaves,EUR200k,0,0,N/A
Kenneth Soler,Attack,RCD Espanyol Barcelona,EUR200k,0,0,N/A
Maroan Sannadi,Centre-Forward,Deportivo Alaves,EUR200k,0,0,N/A
Ian Forns,Defender,RCD Espanyol Barcelona,EUR150k,0,0,N/A
Ricardo Visus,Defender,Real Betis Balompie,EUR150k,0,0,N/A
Alvaro Rodriguez,Centre-Forward,Real Madrid,EUR3.50m,0,0,N/A
Adnan Januzaj,Attack,UD Las Palmas,EUR2.00m,0,0,N/A
Adria Altimira,Defender,Villarreal CF,EUR2.00m,0,0,N/A
Facundo Garces,Defender,Deportivo Alaves,EUR1.80m,0,0,N/A
Carlos Romero,Defender,Villarreal CF,EUR1.50m,0,0,N/A
Jorge Pascual,Centre-Forward,Villarreal CF,EUR1.00m,0,0,N/A
Andres Ferrari,Centre-Forward,Villarreal CF,EUR1.00m,0,0,N/A
Jon Gorrotxategi,Midfield,Real Sociedad,EUR500k,0,0,N/A
Unai Ropero,Attack,Deportivo Alaves,EUR500k,0,0,N/A
Javi Hernandez,Midfield,RCD Espanyol Barcelona,EUR500k,0,0,N/A
Ander Yoldi,Attack,CA Osasuna,EUR400k,0,0,N/A
Gaston Valles,Centre-Forward,RCD Espanyol Barcelona,EUR400k,0,0,N/A
Ivan Cedric,Centre-Forward,UD Las Palmas,EUR400k,0,0,N/A
Yanis Senhadji,Centre-Forward,Real Betis Balompie,EUR300k,0,0,N/A
Hugo Gonzalez,Attack,Valencia CF,EUR300k,0,0,N/A
Alberto Dadie,Attack,Real Sociedad,EUR250k,0,0,N/A
Hugo Rincon,Defender,Athletic Bilbao,EUR250k,0,0,N/A
Victor Parada,Defender,Deportivo Alaves,EUR200k,0,0,N/A
Kenneth Soler,Attack,RCD Espanyol Barcelona,EUR200k,0,0,N/A
Maroan Sannadi,Centre-Forward,Deportivo Alaves,EUR200k,0,0,N/A
Ian Forns,Defender,RCD Espanyol Barcelona,EUR150k,0,0,N/A
Ricardo Visus,Defender,Real Betis Balompie,EUR150k,0,0,N/A
Alvaro Rodriguez,Centre-Forward,Real Madrid,EUR3.50m,0,0,N/A
Adnan Januzaj,Attack,UD Las Palmas,EUR2.00m,0,0,N/A
Adria Altimira,Defender,Villarreal CF,EUR2.00m,0,0,N/A
Facundo Garces,Defender,Deportivo Alaves,EUR1.80m,0,0,N/A
Carlos Romero,Defender,Villarreal CF,EUR1.50m,0,0,N/A
Jorge Pascual,Centre-Forward,Villarreal CF,EUR1.00m,0,0,N/A
Andres Ferrari,Centre-Forward,Villarreal CF,EUR1.00m,0,0,N/A
Jon Gorrotxategi,Midfield,Real Sociedad,EUR500k,0,0,N/A
Unai Ropero,Attack,Deportivo Alaves,EUR500k,0,0,N/A
Javi Hernandez,Midfield,RCD Espanyol Barcelona,EUR500k,0,0,N/A
Ander Yoldi,Attack,CA Osasuna,EUR400k,0,0,N/A
Gaston Valles,Centre-Forward,RCD Espanyol Barcelona,EUR400k,0,0,N/A
Ivan Cedric,Centre-Forward,UD Las Palmas,EUR400k,0,0,N/A
Yanis Senhadji,Centre-Forward,Real Betis Balompie,EUR300k,0,0,N/A
Hugo Gonzalez,Attack,Valencia CF,EUR300k,0,0,N/A
Alberto Dadie,Attack,Real Sociedad,EUR250k,0,0,N/A
Hugo Rincon,Defender,Athletic Bilbao,EUR250k,0,0,N/A
Victor Parada,Defender,Deportivo Alaves,EUR200k,0,0,N/A
Kenneth Soler,Attack,RCD Espanyol Barcelona,EUR200k,0,0,N/A
Maroan Sannadi,Centre-Forward,Deportivo Alaves,EUR200k,0,0,N/A
Ian Forns,Defender,RCD Espanyol Barcelona,EUR150k,0,0,N/A
Ricardo Visus,Defender,Real Betis Balompie,EUR150k,0,0,N/A
Emile Smith Rowe,Midfield,Fulham FC,EUR22.00m,4,278,1
Luis Sinisterra,Attack,AFC Bournemouth,EUR17.00m,4,129,1
Facundo Buonanotte,Midfield,Leicester City,EUR18.00m,3,172,1
Jorgen Strand Larsen,Centre-Forward,Wolverhampton Wanderers,EUR25.00m,4,346,1
Matthijs de Ligt,Defender,Manchester United,EUR65.00m,4,176,1
Joao Felix,Attack,Chelsea FC,EUR30.00m,3,82,1
Joshua Zirkzee,Centre-Forward,Manchester United,EUR50.00m,4,250,1
Liam Delap,Centre-Forward,Ipswich Town,EUR8.00m,4,297,1
Sammie Szmodics,Midfield,Ipswich Town,EUR7.00m,4,228,1
Yukinari Sugawara,Defender,Southampton FC,EUR12.00m,4,297,1
Savinho,Attack,Manchester City,EUR50.00m,3,206,0
Pedro Neto,Attack,Chelsea FC,EUR55.00m,4,180,0
Max Kilman,Defender,West Ham United,EUR32.00m,4,360,0
Elliot Anderson,Midfield,Nottingham Forest,EUR15.00m,4,243,0
Yankuba Minteh,Attack,Brighton & Hove Albion,EUR16.00m,4,275,0
Mats Wieffer,Midfield,Brighton & Hove Albion,EUR30.00m,1,90,0
Noussair Mazraoui,Defender,Manchester United,EUR30.00m,4,335,0
Jadon Sancho,Attack,Chelsea FC,EUR30.00m,1,45,0
Lloyd Kelly,Defender,Newcastle United,EUR18.00m,4,160,0
Issahaku Fatawu,Attack,Leicester City,EUR10.00m,4,266,0
Ross Barkley,Midfield,Aston Villa,EUR8.00m,3,87,0
Ben Johnson,Defender,Ipswich Town,EUR8.00m,2,123,0
Adam Lallana,Midfield,Southampton FC,EUR1.00m,2,35,0
Dominic Solanke,Centre-Forward,Tottenham Hotspur,EUR40.00m,2,180,0
Georginio Rutter,Centre-Forward,Brighton & Hove Albion,EUR18.00m,3,86,0
Riccardo Calafiori,Defender,Arsenal FC,EUR45.00m,2,42,0
Ian Maatsen,Defender,Aston Villa,EUR40.00m,4,62,0
Archie Gray,Midfield,Tottenham Hotspur,EUR18.00m,2,29,0
Evanilson,Centre-Forward,AFC Bournemouth,EUR35.00m,3,205,0
Kiernan Dewsbury-Hall,Midfield,Chelsea FC,EUR30.00m,2,37,0
David Raya,Goalkeeper,Arsenal FC,EUR35.00m,4,360,0
Jean-Clair Todibo,Defender,West Ham United,EUR35.00m,2,7,0
Joachim Andersen,Defender,Fulham FC,EUR35.00m,1,90,0
Raheem Sterling,Attack,Arsenal FC,EUR35.00m,1,10,0
Lewis Hall,Defender,Newcastle United,EUR18.00m,4,203,0
Bilal El Khannouss,Midfield,Leicester City,EUR30.00m,1,22,0
James Ward-Prowse,Midfield,Nottingham Forest,EUR30.00m,1,90,0
Eddie Nketiah,Centre-Forward,Crystal Palace,EUR30.00m,1,90,0
Ferdi Kadioglu,Defender,Brighton & Hove Albion,EUR30.00m,1,22,0
Wilson Odobert,Attack,Tottenham Hotspur,EUR10.00m,3,162,0
Crysencio Summerville,Attack,West Ham United,EUR20.00m,3,66,0
Niclas Fullkrug,Centre-Forward,West Ham United,EUR15.00m,3,63,0
Lesley Ugochukwu,Midfield,Southampton FC,EUR25.00m,1,64,0
Kalvin Phillips,Midfield,Ipswich Town,EUR25.00m,2,161,0
Andre,Midfield,Wolverhampton Wanderers,EUR25.00m,2,81,0
Aaron Ramsdale,Goalkeeper,Southampton FC,EUR25.00m,2,180,0
Filip Jorgensen,Goalkeeper,Chelsea FC,EUR20.00m,0,0,0
Luis Guilherme,Attack,West Ham United,EUR24.00m,0,0,0
Sander Berge,Midfield,Fulham FC,EUR20.00m,2,42,0
Oliver Skipp,Midfield,Leicester City,EUR15.00m,3,177,0
Fabio Carvalho,Midfield,Brentford FC,EUR14.00m,4,56,0
Taylor Harwood-Bellis,Defender,Southampton FC,EUR22.00m,4,231,0
Jesper Lindstrom,Midfield,Everton FC,EUR22.00m,2,42,0
Jacob Greaves,Defender,Ipswich Town,EUR15.00m,4,360,0
Maxence Lacroix,Defender,Crystal Palace,EUR20.00m,1,90,0
Guido Rodriguez,Midfield,West Ham United,EUR20.00m,4,335,0
Orel Mangala,Midfield,Everton FC,EUR20.00m,1,26,0
Tosin Adarabioyo,Defender,Chelsea FC,EUR20.00m,1,29,0
Carlos Soler,Midfield,West Ham United,EUR20.00m,1,20,0
Aaron Wan-Bissaka,Defender,West Ham United,EUR20.00m,3,208,0
Jake O'Brien,Defender,Everton FC,EUR12.00m,1,26,0
Iliman Ndiaye,Centre-Forward,Everton FC,EUR15.00m,4,224,0
Enes Unal,Centre-Forward,AFC Bournemouth,EUR18.00m,1,7,0
Daichi Kamada,Midfield,Crystal Palace,EUR18.00m,4,211,0
Ismaila Sarr,Attack,Crystal Palace,EUR18.00m,4,55,0
Jack Clarke,Attack,Ipswich Town,EUR15.00m,2,40,0
Jaden Philogene,Attack,Aston Villa,EUR15.00m,2,17,0
Dean Huijsen,Defender,AFC Bournemouth,EUR10.00m,2,103,0
Reiss Nelson,Attack,Fulham FC,EUR15.00m,1,24,0
Chadi Riad,Defender,Crystal Palace,EUR15.00m,1,90,0
Rodrigo Gomes,Midfield,Wolverhampton Wanderers,EUR12.00m,2,97,0
Nikola Milenkovic,Defender,Nottingham Forest,EUR15.00m,3,270,0
Ilkay Gundogan,Midfield,Manchester City,EUR15.00m,3,131,0
Alex Moreno,Defender,Nottingham Forest,EUR13.00m,1,80,0
Ramon Sosa,Attack,Nottingham Forest,EUR13.00m,1,10,0
Kepa Arrizabalaga,Goalkeeper,AFC Bournemouth,EUR12.00m,1,90,0
Sam Johnstone,Goalkeeper,Wolverhampton Wanderers,EUR10.00m,2,180,0
Ryan Sessegnon,Defender,Fulham FC,EUR10.00m,0,0,0
Lucas Bergvall,Midfield,Tottenham Hotspur,EUR10.00m,3,31,0
Arijanet Muric,Goalkeeper,Ipswich Town,EUR7.00m,3,270,0
Chiedozie Ogbene,Attack,Ipswich Town,EUR8.00m,2,119,0
Flynn Downes,Midfield,Southampton FC,EUR9.00m,4,360,0
Maxwel Cornet,Attack,Southampton FC,EUR9.00m,1,26,0
Ben Brereton Diaz,Centre-Forward,Southampton FC,EUR8.00m,4,315,0
Julian Araujo,Defender,AFC Bournemouth,EUR8.00m,4,205,0
Carlos Forbs,Attack,Wolverhampton Wanderers,EUR8.00m,1,4,0
Mateus Fernandes,Midfield,Southampton FC,EUR8.00m,3,140,0
Caleb Okoli,Defender,Leicester City,EUR8.00m,2,180,0
Marc Guiu,Centre-Forward,Chelsea FC,EUR7.50m,1,23,0
Matt Turner,Goalkeeper,Crystal Palace,EUR7.00m,0,0,0
Jota Silva,Attack,Nottingham Forest,EUR12.00m,3,11,0
Omari Hutchinson,Attack,Ipswich Town,EUR7.00m,4,354,0
Dara O'Shea,Defender,Ipswich Town,EUR7.00m,1,90,0
Jorge Cuenca,Defender,Fulham FC,EUR6.00m,0,0,0
Jayden Meghoma,Defender,Brentford FC,-,0,0,0
Jordan Ayew,Centre-Forward,Leicester City,EUR4.00m,3,177,0
Tommy Doyle,Midfield,Wolverhampton Wanderers,EUR10.00m,3,44,0
Carlos Miguel,Goalkeeper,Nottingham Forest,EUR4.00m,0,0,0
Tim Iroegbunam,Midfield,Everton FC,EUR4.00m,4,351,0
Nathan Wood,Defender,Southampton FC,EUR3.80m,0,0,0
Ryan Fraser,Attack,Southampton FC,EUR3.00m,1,26,0
Charlie Taylor,Defender,Southampton FC,EUR3.00m,1,14,0
William Osula,Centre-Forward,Newcastle United,EUR3.00m,0,0,0
Renato Veiga,Defender,Chelsea FC,EUR3.00m,3,107,0
Neto,Goalkeeper,Arsenal FC,EUR2.50m,0,0,0
Alfie Devine,Midfield,Tottenham Hotspur,EUR2.20m,0,0,0
Eric da Silva Moreira,Attack,Nottingham Forest,EUR1.00m,0,0,0
Jens Cajuste,Midfield,Ipswich Town,EUR10.00m,1,19,0
Daniel Jebbison,Centre-Forward,AFC Bournemouth,EUR1.00m,2,26,0
Conor Townsend,Defender,Ipswich Town,EUR1.50m,0,0,0
Lamare Bogarde,Defender,Aston Villa,EUR450k,2,169,0
Alex Murphy,Defender,Newcastle United,EUR250k,0,0,0
John Ruddy,Goalkeeper,Newcastle United,EUR200k,0,0,0
Toby Collyer,Midfield,Manchester United,EUR200k,1,45,0
Tyler Dibling,Attack,Southampton FC,-,4,123,0
Leny Yoro,Defender,Manchester United,EUR50.00m,0,0,N/A
Mikel Merino,Midfield,Arsenal FC,EUR50.00m,0,0,N/A
Giorgi Mamardashvili,Goalkeeper,Liverpool FC,EUR45.00m,0,0,N/A
Federico Chiesa,Attack,Liverpool FC,EUR35.00m,0,0,N/A
Igor Thiago,Centre-Forward,Brentford FC,EUR25.00m,0,0,N/A
Matt O'Riley,Midfield,Brighton & Hove Albion,EUR20.00m,0,0,N/A
Armando Broja,Centre-Forward,Everton FC,EUR22.00m,0,0,N/A
Mike Penders,Goalkeeper,Chelsea FC,EUR1.00m,0,0,N/A
Ibrahim Osman,Attack,Brighton & Hove Albion,EUR12.00m,0,0,N/A
Odsonne Edouard,Centre-Forward,Leicester City,EUR18.00m,0,0,N/A
Cameron Archer,Centre-Forward,Aston Villa,EUR13.00m,0,0,N/A
Samuel Iling-Junior,Attack,Aston Villa,EUR13.00m,0,0,N/A
Trevoh Chalobah,Defender,Crystal Palace,EUR13.00m,0,0,N/A
Gustavo Nunes,Attack,Brentford FC,EUR10.00m,0,0,N/A
David Carmo,Defender,Nottingham Forest,EUR12.00m,0,0,N/A
Enzo Barrenechea,Midfield,Aston Villa,EUR7.50m,0,0,N/A
Malick Yalcouye,Midfield,Brighton & Hove Albion,EUR5.00m,0,0,N/A
Odysseas Vlachodimos,Goalkeeper,Newcastle United,EUR7.00m,0,0,N/A
Michael Golding,Midfield,Leicester City,EUR300k,0,0,N/A
Marko Stamenic,Midfield,Nottingham Forest,EUR5.00m,0,0,N/A
Caleb Wiley,Defender,Chelsea FC,EUR5.00m,0,0,N/A
Vitezslav Jaros,Goalkeeper,Liverpool FC,EUR5.00m,0,0,N/A
Bashir Humphreys,Defender,Chelsea FC,EUR4.80m,0,0,N/A
Min-hyeok Yang,Attack,Tottenham Hotspur,EUR1.20m,0,0,N/A
Ronnie Edwards,Defender,Southampton FC,EUR3.80m,0,0,N/A
Welington,Defender,Southampton FC,EUR3.50m,0,0,N/A
Aaron Anselmino,Defender,Chelsea FC,EUR3.00m,0,0,N/A
Lewis Dobbin,Attack,Aston Villa,EUR2.50m,0,0,N/A
Pedro Lima,Defender,Wolverhampton Wanderers,EUR2.50m,0,0,N/A
Dane Scarlett,Centre-Forward,Tottenham Hotspur,EUR1.80m,0,0,N/A
Kuryu Matsuki,Midfield,Southampton FC,EUR1.50m,0,0,N/A
Wes Foderingham,Goalkeeper,West Ham United,EUR900k,0,0,N/A
Juan,Centre-Forward,Southampton FC,EUR800k,0,0,N/A
Bastien Meupiyou,Defender,Wolverhampton Wanderers,EUR800k,0,0,N/A
Tino Anjorin,Midfield,Chelsea FC,EUR700k,0,0,N/A
David Ozoh,Midfield,Crystal Palace,EUR700k,0,0,N/A
Ji-soo Kim,Defender,Brentford FC,EUR600k,0,0,N/A
Tawanda Chirewa,Midfield,Wolverhampton Wanderers,EUR500k,0,0,N/A
Alex Paulsen,Goalkeeper,AFC Bournemouth,EUR450k,0,0,N/A
Asmir Begovic,Goalkeeper,Everton FC,EUR300k,0,0,N/A
Zach Abbott,Defender,Nottingham Forest,EUR300k,0,0,N/A
Odeluga Offiah,Defender,Brighton & Hove Albion,EUR300k,0,0,N/A
Eddie Beach,Goalkeeper,Chelsea FC,EUR250k,0,0,N/A
Louie Moulden,Goalkeeper,Crystal Palace,EUR175k,0,0,N/A
Imari Samuels,Defender,Brighton & Hove Albion,EUR100k,0,0,N/A
Rento Takaoka,Centre-Forward,Southampton FC,-,0,0,N/A
Mohamadou Kante,Midfield,West Ham United,-,0,0,N/A
Harry Tyrer,Goalkeeper,Everton FC,-,0,0,N/A
Ben Winterbottom,Goalkeeper,Brentford FC,-,0,0,N/A
Dane Scarlett,Centre-Forward,Tottenham Hotspur,EUR1.80m,0,0,N/A
Kuryu Matsuki,Midfield,Southampton FC,EUR1.50m,0,0,N/A
Wes Foderingham,Goalkeeper,West Ham United,EUR900k,0,0,N/A
Juan,Centre-Forward,Southampton FC,EUR800k,0,0,N/A
Bastien Meupiyou,Defender,Wolverhampton Wanderers,EUR800k,0,0,N/A
Tino Anjorin,Midfield,Chelsea FC,EUR700k,0,0,N/A
David Ozoh,Midfield,Crystal Palace,EUR700k,0,0,N/A
Ji-soo Kim,Defender,Brentford FC,EUR600k,0,0,N/A
Tawanda Chirewa,Midfield,Wolverhampton Wanderers,EUR500k,0,0,N/A
Alex Paulsen,Goalkeeper,AFC Bournemouth,EUR450k,0,0,N/A
Asmir Begovic,Goalkeeper,Everton FC,EUR300k,0,0,N/A
Zach Abbott,Defender,Nottingham Forest,EUR300k,0,0,N/A
Odeluga Offiah,Defender,Brighton & Hove Albion,EUR300k,0,0,N/A
Eddie Beach,Goalkeeper,Chelsea FC,EUR250k,0,0,N/A
Louie Moulden,Goalkeeper,Crystal Palace,EUR175k,0,0,N/A
Imari Samuels,Defender,Brighton & Hove Albion,EUR100k,0,0,N/A
Rento Takaoka,Centre-Forward,Southampton FC,-,0,0,N/A
Mohamadou Kante,Midfield,West Ham United,-,0,0,N/A
Harry Tyrer,Goalkeeper,Everton FC,-,0,0,N/A
Ben Winterbottom,Goalkeeper,Brentford FC,-,0,0,N/A
Dane Scarlett,Centre-Forward,Tottenham Hotspur,EUR1.80m,0,0,N/A
Kuryu Matsuki,Midfield,Southampton FC,EUR1.50m,0,0,N/A
Wes Foderingham,Goalkeeper,West Ham United,EUR900k,0,0,N/A
Juan,Centre-Forward,Southampton FC,EUR800k,0,0,N/A
Bastien Meupiyou,Defender,Wolverhampton Wanderers,EUR800k,0,0,N/A
Tino Anjorin,Midfield,Chelsea FC,EUR700k,0,0,N/A
David Ozoh,Midfield,Crystal Palace,EUR700k,0,0,N/A
Ji-soo Kim,Defender,Brentford FC,EUR600k,0,0,N/A
Tawanda Chirewa,Midfield,Wolverhampton Wanderers,EUR500k,0,0,N/A
Alex Paulsen,Goalkeeper,AFC Bournemouth,EUR450k,0,0,N/A
Asmir Begovic,Goalkeeper,Everton FC,EUR300k,0,0,N/A
Zach Abbott,Defender,Nottingham Forest,EUR300k,0,0,N/A
Odeluga Offiah,Defender,Brighton & Hove Albion,EUR300k,0,0,N/A
Eddie Beach,Goalkeeper,Chelsea FC,EUR250k,0,0,N/A
Louie Moulden,Goalkeeper,Crystal Palace,EUR175k,0,0,N/A
Imari Samuels,Defender,Brighton & Hove Albion,EUR100k,0,0,N/A
Rento Takaoka,Centre-Forward,Southampton FC,-,0,0,N/A
Mohamadou Kante,Midfield,West Ham United,-,0,0,N/A
Harry Tyrer,Goalkeeper,Everton FC,-,0,0,N/A
Ben Winterbottom,Goalkeeper,Brentford FC,-,0,0,N/A
Dane Scarlett,Centre-Forward,Tottenham Hotspur,EUR1.80m,0,0,N/A
Kuryu Matsuki,Midfield,Southampton FC,EUR1.50m,0,0,N/A
Wes Foderingham,Goalkeeper,West Ham United,EUR900k,0,0,N/A
Bastien Meupiyou,Defender,Wolverhampton Wanderers,EUR800k,0,0,N/A
Juan,Centre-Forward,Southampton FC,EUR800k,0,0,N/A
Tino Anjorin,Midfield,Chelsea FC,EUR700k,0,0,N/A
David Ozoh,Midfield,Crystal Palace,EUR700k,0,0,N/A
Ji-soo Kim,Defender,Brentford FC,EUR600k,0,0,N/A
Tawanda Chirewa,Midfield,Wolverhampton Wanderers,EUR500k,0,0,N/A
Alex Paulsen,Goalkeeper,AFC Bournemouth,EUR450k,0,0,N/A
Asmir Begovic,Goalkeeper,Everton FC,EUR300k,0,0,N/A
Zach Abbott,Defender,Nottingham Forest,EUR300k,0,0,N/A
Odeluga Offiah,Defender,Brighton & Hove Albion,EUR300k,0,0,N/A
Eddie Beach,Goalkeeper,Chelsea FC,EUR250k,0,0,N/A
Louie Moulden,Goalkeeper,Crystal Palace,EUR175k,0,0,N/A
Imari Samuels,Defender,Brighton & Hove Albion,EUR100k,0,0,N/A
Ben Winterbottom,Goalkeeper,Brentford FC,-,0,0,N/A
Rento Takaoka,Centre-Forward,Southampton FC,-,0,0,N/A
Mohamadou Kante,Midfield,West Ham United,-,0,0,N/A
Harry Tyrer,Goalkeeper,Everton FC,-,0,0,N/A
Romelu Lukaku,Centre-Forward,SSC Napoli,EUR30.00m,2,102,2
Moise Kean,Centre-Forward,ACF Fiorentina,EUR14.00m,4,349,2
Boulaye Dia,Centre-Forward,SS Lazio,EUR10.00m,3,201,2
Lorenzo Lucca,Centre-Forward,Udinese Calcio,EUR12.00m,4,309,2
Casper Tengstedt,Centre-Forward,Hellas Verona,EUR5.00m,4,270,2
Marco Brescianini,Midfield,Atalanta BC,EUR3.50m,4,278,2
Daniel Mosquera,Centre-Forward,Hellas Verona,EUR700k,4,127,2
Samuel Mbangula,Attack,Juventus FC,EUR250k,4,227,1
Tammy Abraham,Centre-Forward,AC Milan,EUR30.00m,2,93,1
Robin Gosens,Midfield,ACF Fiorentina,EUR12.00m,2,180,1
Charles De Ketelaere,Midfield,Atalanta BC,EUR34.00m,4,254,1
Che Adams,Centre-Forward,Torino FC,EUR15.00m,4,287,1
Lorenzo Colombo,Centre-Forward,FC Empoli,EUR6.00m,4,296,1
Alessandro Buongiorno,Defender,SSC Napoli,EUR35.00m,3,270,1
Artem Dovbyk,Centre-Forward,AS Roma,EUR35.00m,4,343,1
Youssouf Fofana,Midfield,AC Milan,EUR30.00m,3,192,1
Strahinja Pavlovic,Defender,AC Milan,EUR25.00m,3,270,1
Alvaro Morata,Centre-Forward,AC Milan,EUR16.00m,2,56,1
Samuel Iling-Junior,Attack,Bologna FC 1909,EUR13.00m,1,27,1
Duvan Zapata,Centre-Forward,Torino FC,EUR8.00m,4,325,1
Koni De Winter,Defender,Genoa CFC,EUR12.00m,4,360,1
Saul Coco,Defender,Torino FC,EUR8.00m,4,360,1
Matteo Cancellieri,Attack,Parma Calcio 1913,EUR4.80m,4,133,1
Daniel Maldini,Midfield,AC Monza,EUR4.50m,4,265,1
Andrea Pinamonti,Centre-Forward,Genoa CFC,EUR15.00m,3,248,1
Dailon Rocha Livramento,Centre-Forward,Hellas Verona,EUR500k,2,130,1
Roberto Piccoli,Centre-Forward,Cagliari Calcio,EUR4.00m,4,327,1
Nicolo Savona,Defender,Juventus FC,EUR200k,3,212,1
David Neres,Attack,SSC Napoli,EUR25.00m,3,32,0
Nuno Tavares,Defender,SS Lazio,EUR15.00m,2,180,0
Davide Frattesi,Midfield,Inter Milan,EUR35.00m,4,143,0
Carlos Augusto,Defender,Inter Milan,EUR22.00m,4,152,0
Vitinha,Centre-Forward,Genoa CFC,EUR14.00m,4,258,0
Yacine Adli,Midfield,ACF Fiorentina,EUR15.00m,2,37,0
Mehdi Taremi,Centre-Forward,Inter Milan,EUR10.00m,4,150,0
Alberto Dossena,Defender,Como 1907,EUR5.00m,3,246,0
Martin Erlic,Defender,Bologna FC 1909,EUR3.00m,2,109,0
Gabriel Strefezza,Attack,Como 1907,EUR6.00m,4,351,0
Sebastiano Esposito,Centre-Forward,FC Empoli,EUR5.00m,4,207,0
Leonardo Spinazzola,Defender,SSC Napoli,EUR4.00m,4,173,0
Niccolo Pisilli,Midfield,AS Roma,EUR3.50m,2,134,0
Georgios Kyriakopoulos,Midfield,AC Monza,EUR3.50m,4,360,0
Sebastiano Luperto,Defender,Cagliari Calcio,EUR3.50m,4,360,0
Emanuele Valeri,Defender,Parma Calcio 1913,EUR2.30m,3,188,0
Kialonda Gaspar,Defender,US Lecce,EUR1.50m,4,360,0
Grigoris Kastanos,Midfield,Hellas Verona,EUR1.80m,3,140,0
Adam Masina,Defender,Torino FC,EUR1.50m,4,360,0
Pontus Almqvist,Attack,Parma Calcio 1913,EUR3.00m,4,94,0
Teun Koopmeiners,Midfield,Juventus FC,EUR50.00m,2,135,0
Khephren Thuram,Midfield,Juventus FC,EUR35.00m,2,91,0
Scott McTominay,Midfield,SSC Napoli,EUR32.00m,1,16,0
Matias Soule,Attack,AS Roma,EUR25.00m,3,228,0
Matteo Guendouzi,Midfield,SS Lazio,EUR25.00m,4,357,0
Mario Hermoso,Defender,AS Roma,EUR25.00m,1,40,0
Enzo Le Fee,Midfield,AS Roma,EUR18.00m,2,89,0
Piotr Zielinski,Midfield,Inter Milan,EUR22.00m,1,34,0
Lazar Samardzic,Midfield,Atalanta BC,EUR20.00m,2,117,0
Raoul Bellanova,Defender,Atalanta BC,EUR15.00m,2,148,0
Manu Kone,Midfield,AS Roma,EUR20.00m,2,108,0
Thijs Dallinga,Centre-Forward,Bologna FC 1909,EUR18.00m,3,94,0
Edoardo Bove,Midfield,ACF Fiorentina,EUR18.00m,2,106,0
Emerson Royal,Defender,AC Milan,EUR18.00m,3,183,0
Billy Gilmour,Midfield,SSC Napoli,EUR18.00m,1,16,0
Mandela Keita,Midfield,Parma Calcio 1913,EUR13.00m,1,18,0
Ben Godfrey,Defender,Atalanta BC,EUR10.00m,1,22,0
Alexis Saelemaekers,Attack,AS Roma,EUR12.00m,2,112,0
Tommaso Pobega,Midfield,Bologna FC 1909,EUR10.00m,1,90,0
Juan Miranda,Defender,Bologna FC 1909,EUR9.00m,4,213,0
Maximo Perrone,Midfield,Como 1907,EUR9.00m,3,225,0
Samuel Gigot,Defender,SS Lazio,EUR9.00m,0,0,0
Amir Richardson,Midfield,ACF Fiorentina,EUR6.00m,2,106,0
Tijjani Noslin,Attack,SS Lazio,EUR10.00m,4,141,0
Marko Arnautovic,Centre-Forward,Inter Milan,EUR4.00m,3,37,0
Josep Martinez,Goalkeeper,Inter Milan,EUR8.00m,0,0,0
Angelino,Defender,AS Roma,EUR8.00m,4,360,0
Yannik Engelhardt,Midfield,Como 1907,EUR4.00m,1,68,0
Loum Tchaouna,Attack,SS Lazio,EUR8.00m,4,90,0
Ibrahim Sulemana,Midfield,Atalanta BC,EUR4.00m,1,1,0
Borna Sosa,Defender,Torino FC,EUR7.50m,3,119,0
Rafa Marin,Defender,SSC Napoli,EUR7.50m,0,0,0
Zion Suzuki,Goalkeeper,Parma Calcio 1913,EUR2.50m,3,255,0
Emil Holm,Defender,Bologna FC 1909,EUR12.00m,0,0,0
Gaetano Castrovilli,Midfield,SS Lazio,EUR7.00m,2,27,0
Francisco Conceicao,Attack,Juventus FC,EUR22.00m,1,45,0
Stefano Turati,Goalkeeper,AC Monza,EUR7.00m,2,180,0
Nicolo Cambiaghi,Second Striker,Bologna FC 1909,EUR7.00m,1,14,0
Marin Pongracic,Defender,ACF Fiorentina,EUR7.00m,2,92,0
Isaak Toure,Defender,Udinese Calcio,EUR7.00m,0,0,0
Remo Freuler,Midfield,Bologna FC 1909,EUR6.50m,4,360,0
Damian Pizarro,Centre-Forward,Udinese Calcio,EUR6.50m,0,0,0
Tomas Palacios,Defender,Inter Milan,EUR500k,0,0,0
Nicolo Zaniolo,Midfield,Atalanta BC,EUR20.00m,1,20,0
Filip Marchwinski,Midfield,US Lecce,EUR6.00m,1,14,0
Nico Paz,Midfield,Como 1907,EUR10.00m,3,149,0
Emil Audero,Goalkeeper,Como 1907,EUR5.00m,1,90,0
Gianluca Gaetano,Midfield,Cagliari Calcio,EUR6.00m,1,59,0
Marcus Pedersen,Defender,Torino FC,EUR5.50m,2,73,0
Jurgen Ekkelenkamp,Midfield,Udinese Calcio,EUR4.50m,4,103,0
Danilo Cataldi,Midfield,ACF Fiorentina,EUR5.50m,2,143,0
Benja Dominguez,Attack,Bologna FC 1909,EUR5.50m,0,0,0
Andrea Belotti,Centre-Forward,Como 1907,EUR5.00m,4,189,0
Alieu Fadera,Attack,Como 1907,EUR2.50m,2,105,0
Matias Moreno,Defender,ACF Fiorentina,EUR2.00m,0,0,0
Nadir Zortea,Midfield,Cagliari Calcio,EUR3.00m,1,31,0
Mattia Viti,Defender,FC Empoli,EUR5.00m,4,360,0
Suat Serdar,Midfield,Hellas Verona,EUR5.00m,1,21,0
Giovanni Leoni,Defender,Parma Calcio 1913,EUR4.50m,0,0,0
David de Gea,Goalkeeper,ACF Fiorentina,EUR5.00m,1,90,0
Alessandro Zanoli,Defender,Genoa CFC,EUR5.00m,2,99,0
Mats Hummels,Defender,AS Roma,EUR5.00m,0,0,0
Odilon Kossounou,Defender,Atalanta BC,EUR35.00m,0,0,0
Sebastian Walukiewicz,Defender,Torino FC,EUR2.50m,2,71,0
Domagoj Bradaric,Defender,Hellas Verona,EUR5.00m,1,3,0
Jens Odgaard,Centre-Forward,Bologna FC 1909,EUR4.50m,4,145,0
Michele Di Gregorio,Goalkeeper,Juventus FC,EUR18.00m,3,270,0
Antonio Raimondo,Centre-Forward,Venezia FC,EUR4.50m,4,63,0
Samuel Dahl,Defender,AS Roma,EUR3.00m,0,0,0
Amin Sarr,Centre-Forward,Hellas Verona,EUR4.00m,1,1,0
Saud Abdulhamid,Defender,AS Roma,EUR4.00m,0,0,0
Andrea Colpani,Midfield,ACF Fiorentina,EUR18.00m,4,226,0
Frederic Guilbert,Defender,US Lecce,EUR4.00m,2,165,0
Morten Thorsby,Midfield,Genoa CFC,EUR3.00m,4,121,0
Amin Sarr,Centre-Forward,Hellas Verona,EUR4.00m,1,1,0
Saud Abdulhamid,Defender,AS Roma,EUR4.00m,0,0,0
Andrea Colpani,Midfield,ACF Fiorentina,EUR18.00m,4,226,0
Juan Cabal,Defender,Juventus FC,EUR3.50m,3,212,0
Lassana Coulibaly,Midfield,US Lecce,EUR3.50m,4,109,0
Mathew Ryan,Goalkeeper,AS Roma,EUR3.50m,0,0,0
Andy Pelmard,Defender,US Lecce,EUR3.50m,0,0,0
Pierre Kalulu,Defender,Juventus FC,EUR20.00m,2,103,0
Filip Stankovic,Goalkeeper,Venezia FC,EUR3.00m,0,0,0
Stefano Sensi,Midfield,AC Monza,EUR3.00m,0,0,0
Pietro Pellegri,Centre-Forward,FC Empoli,EUR3.00m,2,50,0
Hans Nicolussi Caviglia,Midfield,Venezia FC,EUR3.00m,3,158,0
Ignace Van der Brempt,Defender,Como 1907,EUR3.00m,1,45,0
Joel Schingtienne,Defender,Venezia FC,EUR2.00m,1,90,0
Saba Sazonov,Defender,FC Empoli,EUR2.80m,0,0,0
Abdou Harroui,Midfield,Hellas Verona,EUR2.70m,4,170,0
Sergi Roberto,Midfield,Como 1907,EUR2.50m,3,136,0
Marc Oliver Kempf,Defender,Como 1907,EUR1.50m,2,180,0
Faride Alidou,Attack,Hellas Verona,EUR2.50m,2,57,0
Ola Solbakken,Attack,FC Empoli,EUR2.50m,3,146,0
John Yeboah,Midfield,Venezia FC,EUR2.50m,1,26,0
Tete Morente,Attack,US Lecce,EUR2.50m,4,175,0
John Yeboah,Midfield,Venezia FC,EUR2.50m,1,26,0
Ante Rebic,Attack,US Lecce,EUR2.20m,2,62,0
Kevin Zeroli,Midfield,AC Milan,EUR2.00m,1,11,0
Fisayo Dele-Bashiru,Midfield,SS Lazio,EUR2.00m,3,159,0
Giorgio Altare,Defender,Venezia FC,EUR2.00m,3,193,0
Guillermo Maripan,Defender,Torino FC,EUR10.00m,0,0,0
Emil Bohinen,Midfield,Genoa CFC,EUR1.80m,1,10,0
Richie Sagrado,Defender,Venezia FC,EUR2.00m,1,53,0
Matthias Braunoder,Midfield,Como 1907,EUR2.00m,3,137,0
Omari Forson,Attack,AC Monza,EUR2.00m,0,0,0
Junior Sambia,Defender,FC Empoli,EUR2.00m,0,0,0
Martin Frese,Defender,Hellas Verona,EUR2.00m,3,182,0
Jesper Karlstrom,Midfield,Udinese Calcio,EUR1.80m,4,302,0
Rui Modesto,Midfield,Udinese Calcio,EUR2.00m,0,0,0
Kevin Bonifazi,Defender,US Lecce,EUR1.80m,0,0,0
Alberto Moreno,Defender,Como 1907,EUR1.80m,4,360,0
Nicolo Casale,Defender,Bologna FC 1909,EUR14.00m,1,80,0
Christian Fruchtl,Goalkeeper,US Lecce,EUR1.50m,0,0,0
Buba Sangare,Defender,AS Roma,-,0,0,0
Alphadjo Cisse,Midfield,Hellas Verona,EUR1.40m,1,1,0
Matteo Palma,Defender,Udinese Calcio,EUR1.00m,0,0,0
Kingstone Mutandwa,Centre-Forward,Cagliari Calcio,EUR1.00m,1,31,0
Rui Patricio,Goalkeeper,Atalanta BC,EUR1.00m,0,0,0
Arthur Atta,Midfield,Udinese Calcio,EUR1.00m,0,0,0
Arthur Atta,Midfield,Udinese Calcio,EUR1.00m,0,0,0
Joao Costa,Attack,AS Roma,EUR1.00m,0,0,0
Balthazar Pierret,Midfield,US Lecce,EUR1.00m,4,250,0
Luis Hasa,Midfield,US Lecce,EUR1.00m,0,0,0
Mattia De Sciglio,Defender,FC Empoli,EUR1.00m,0,0,0
Honest Ahanor,Defender,Genoa CFC,EUR1.00m,0,0,0
Gaby Jean,Defender,US Lecce,EUR900k,1,15,0
Yllan Okou,Defender,Hellas Verona,EUR900k,0,0,0
Franco Carboni,Defender,Venezia FC,EUR900k,1,1,0
Christos Papadopoulos,Midfield,Genoa CFC,EUR800k,0,0,0
Jeff Ekhator,Centre-Forward,Genoa CFC,EUR800k,3,20,0
Christian Corradi,Defender,Hellas Verona,EUR800k,0,0,0
Alessandro Dellavalle,Defender,Torino FC,EUR800k,0,0,0
Lorenzo Lucchesi,Defender,Venezia FC,EUR700k,0,0,0
Jose Luis Palomino,Defender,Cagliari Calcio,EUR700k,2,68,0
Tino Anjorin,Midfield,FC Empoli,EUR700k,1,13,0
Pepe Reina,Goalkeeper,Como 1907,EUR600k,3,270,0
Vasilije Adzic,Midfield,Juventus FC,EUR600k,0,0,0
Iker Bravo,Centre-Forward,Udinese Calcio,EUR500k,1,20,0
Alberto Paleari,Goalkeeper,Torino FC,EUR500k,0,0,0
Issa Doumbia,Midfield,Venezia FC,EUR500k,3,56,0
Mattia Felici,Attack,Cagliari Calcio,EUR500k,1,22,0
Ayanda Sishuba,Midfield,Hellas Verona,EUR500k,0,0,0
Daniel Mikolajewski,Centre-Forward,Parma Calcio 1913,EUR500k,0,0,0
Ali Jasim,Attack,Como 1907,EUR450k,0,0,0
Semuel Pizzignacco,Goalkeeper,AC Monza,EUR400k,2,180,0
Jonas Rouhi,Defender,Juventus FC,EUR400k,1,13,0
Alen Sherri,Goalkeeper,Cagliari Calcio,EUR350k,0,0,0
Antonio Donnarumma,Goalkeeper,Torino FC,EUR325k,0,0,0
Mateusz Kowalski,Second Striker,Parma Calcio 1913,EUR300k,1,57,0
Devis Vasquez,Goalkeeper,FC Empoli,EUR300k,4,360,0
Lior Kasa,Midfield,Genoa CFC,EUR250k,0,0,0
Sebastian Esposito,Defender,US Lecce,EUR200k,0,0,0
Federico Brancolini,Goalkeeper,FC Empoli,EUR200k,0,0,0
Come Bianay Balcot,Defender,Torino FC,EUR200k,0,0,0
Jacopo Seghetti,Goalkeeper,FC Empoli,EUR150k,0,0,0
Ed McJannet,Midfield,US Lecce,EUR150k,0,0,0
Junior Ajayi,Centre-Forward,Hellas Verona,EUR150k,0,0,0
Vernon Addo,Defender,US Lecce,EUR150k,0,0,0
Saad El Haddad,Midfield,Venezia FC,EUR125k,1,14,0
Andrea Mazza,Goalkeeper,AC Monza,EUR75k,0,0,0
Lorenzo Torriani,Goalkeeper,AC Milan,EUR10k,0,0,0
Renato Marin,Goalkeeper,AS Roma,-,0,0,0
Raphael Varane,Defender,Como 1907,EUR20.00m,0,0,N/A
Fabio Miretti,Midfield,Genoa CFC,EUR15.00m,0,0,N/A
Albert Gudmundsson,Second Striker,ACF Fiorentina,EUR30.00m,0,0,N/A
Nicolas Valentini,Defender,ACF Fiorentina,EUR6.00m,0,0,N/A
Jan-Carlo Simic,Defender,AC Milan,EUR5.00m,0,0,N/A
Brooke Norton-Cuffy,Defender,Genoa CFC,EUR4.50m,0,0,N/A
Antoine Joujou,Attack,Parma Calcio 1913,EUR1.50m,0,0,N/A
Vakoun Bayo,Centre-Forward,Udinese Calcio,EUR2.80m,0,0,N/A
Alexis Sanchez,Centre-Forward,Udinese Calcio,EUR2.50m,0,0,N/A
Riccardo Pagano,Midfield,AS Roma,EUR2.50m,0,0,N/A
Marco Curto,Defender,Como 1907,EUR1.80m,0,0,N/A
Goncalo Esteves,Defender,Udinese Calcio,EUR1.30m,0,0,N/A
Peter Kovacik,Attack,Como 1907,EUR1.20m,0,0,N/A
Jordi Mboula,Attack,Hellas Verona,EUR1.20m,0,0,N/A
Issiaka Kamate,Attack,Inter Milan,EUR1.00m,0,0,N/A
Zanos Savva,Attack,Torino FC,EUR1.00m,0,0,N/A
Rachid Kouda,Midfield,Parma Calcio 1913,EUR800k,0,0,N/A
Ben Lhassine Kone,Midfield,Como 1907,EUR800k,0,0,N/A
Filipe Bordon,Defender,SS Lazio,EUR200k,0,0,N/A
Alessandro Plizzari,Goalkeeper,Venezia FC,EUR400k,0,0,N/A
Gabriele Artistico,Centre-Forward,SS Lazio,EUR325k,0,0,N/A
Giuseppe Mazzaglia,Midfield,Como 1907,EUR250k,0,0,N/A
Federico Magro,Goalkeeper,Hellas Verona,EUR250k,0,0,N/A
Gabriele Indragoli,Defender,FC Empoli,EUR200k,0,0,N/A
Fellipe Jack,Defender,Como 1907,EUR200k,0,0,N/A
Simone Ascione,Attack,Venezia FC,EUR150k,0,0,N/A
Karlson Nwanege,Defender,Hellas Verona,EUR125k,0,0,N/A
Charlys,Midfield,Hellas Verona,EUR100k,0,0,N/A
Dennis Curatolo,Centre-Forward,Inter Milan,EUR75k,0,0,N/A
Paul Wanner,Midfield,1.FC Heidenheim 1846,EUR8.00m,3,219,2
Tim Kleindienst,Centre-Forward,Borussia Monchengladbach,EUR6.00m,3,262,2
Maximilian Breunig,Centre-Forward,1.FC Heidenheim 1846,EUR800k,3,123,2
Hugo Ekitike,Centre-Forward,Eintracht Frankfurt,EUR20.00m,3,216,1
Fabian Rieder,Midfield,VfB Stuttgart,EUR8.00m,3,144,1
Antonio Nusa,Attack,RB Leipzig,EUR15.00m,3,82,1
Jamie Leweling,Attack,VfB Stuttgart,EUR9.00m,3,247,1
Samuel Essende,Centre-Forward,FC Augsburg,EUR3.50m,3,258,1
Michael Olise,Attack,Bayern Munich,EUR55.00m,3,179,1
Deniz Undav,Centre-Forward,VfB Stuttgart,EUR25.00m,3,200,1
Martin Terrier,Attack,Bayer 04 Leverkusen,EUR20.00m,3,176,1
Derrick Kohn,Defender,SV Werder Bremen,EUR6.00m,1,23,1
Laszlo Benes,Midfield,1.FC Union Berlin,EUR5.00m,3,97,1
Myron Boadu,Centre-Forward,VfL Bochum,EUR5.00m,3,137,1
Marius Wolf,Defender,FC Augsburg,EUR3.00m,3,116,1
Armin Gigovic,Midfield,Holstein Kiel,EUR2.00m,2,41,1
Yusuf Kabadayi,Attack,FC Augsburg,EUR1.00m,1,12,1
Leo Scienza,Attack,1.FC Heidenheim 1846,EUR1.00m,3,211,1
Kevin Stoger,Midfield,Borussia Monchengladbach,EUR5.00m,3,256,0
Adam Hlozek,Second Striker,TSG 1899 Hoffenheim,EUR12.00m,2,149,0
Frank Onyeka,Midfield,FC Augsburg,EUR9.00m,1,83,0
Pascal Gross,Midfield,Borussia Dortmund,EUR8.00m,3,270,0
Kristijan Jakic,Midfield,FC Augsburg,EUR6.50m,2,106,0
Mohamed Amoura,Centre-Forward,VfL Wolfsburg,EUR16.00m,1,45,0
Tymoteusz Puchacz,Defender,Holstein Kiel,EUR2.00m,2,90,0
Mathias Honsak,Attack,1.FC Heidenheim 1846,EUR1.20m,3,22,0
Sirlord Conteh,Attack,1.FC Heidenheim 1846,EUR1.00m,3,93,0
Joao Palhinha,Midfield,Bayern Munich,EUR55.00m,2,106,0
Serhou Guirassy,Centre-Forward,Borussia Dortmund,EUR40.00m,1,72,0
Lutsharel Geertruida,Defender,RB Leipzig,EUR32.00m,1,88,0
Maximilian Beier,Centre-Forward,Borussia Dortmund,EUR30.00m,3,120,0
Aleix Garcia,Midfield,Bayer 04 Leverkusen,EUR25.00m,3,108,0
Waldemar Anton,Defender,Borussia Dortmund,EUR20.00m,3,270,0
Arthur Theate,Defender,Eintracht Frankfurt,EUR20.00m,3,249,0
Robin Koch,Defender,Eintracht Frankfurt,EUR18.00m,3,270,0
Jeanuel Belocian,Defender,Bayer 04 Leverkusen,EUR10.00m,0,0,0
Kamil Grabara,Goalkeeper,VfL Wolfsburg,EUR12.00m,3,270,0
Can Uzun,Midfield,Eintracht Frankfurt,EUR12.00m,2,25,0
Eric Dier,Defender,Bayern Munich,EUR12.00m,1,9,0
Maarten Vandevoordt,Goalkeeper,RB Leipzig,EUR11.00m,0,0,0
Nordi Mukiele,Defender,Bayer 04 Leverkusen,EUR10.00m,1,4,0
Salih Ozcan,Midfield,VfL Wolfsburg,EUR10.00m,2,90,0
Rasmus Kristensen,Defender,Eintracht Frankfurt,EUR10.00m,3,270,0
Alexander Prass,Midfield,TSG 1899 Hoffenheim,EUR12.00m,3,223,0
Hyun-seok Hong,Midfield,1.FSV Mainz 05,EUR9.00m,2,129,0
Jeff Chabot,Defender,VfB Stuttgart,EUR9.00m,3,270,0
Valentin Gendrey,Defender,TSG 1899 Hoffenheim,EUR7.00m,1,29,0
Tom Rothe,Defender,1.FC Union Berlin,EUR8.00m,2,170,0
Konstantinos Koulierakis,Defender,VfL Wolfsburg,EUR8.00m,1,2,0
Moritz Jenz,Defender,1.FSV Mainz 05,EUR7.50m,1,90,0
Patrick Osterhage,Midfield,SC Freiburg,EUR7.00m,3,207,0
Chrislain Matsima,Defender,FC Augsburg,EUR7.00m,0,0,0
Anthony Rouault,Defender,VfB Stuttgart,EUR7.00m,1,28,0
Ibrahima Sissoko,Midfield,VfL Bochum,EUR6.00m,3,261,0
Steve Mounie,Centre-Forward,FC Augsburg,EUR6.00m,2,41,0
Keven Schlotterbeck,Defender,FC Augsburg,EUR6.00m,3,270,0
Mahmoud Dahoud,Midfield,Eintracht Frankfurt,EUR6.00m,0,0,0
Dani de Wit,Midfield,VfL Bochum,EUR5.00m,2,177,0
Eren Dinkci,Attack,SC Freiburg,EUR12.00m,2,78,0
Robert Skov,Midfield,1.FC Union Berlin,EUR5.00m,0,0,0
Yannik Keitel,Midfield,VfB Stuttgart,EUR5.00m,0,0,0
Leopold Querfeld,Defender,1.FC Union Berlin,EUR5.00m,3,17,0
Skelly Alvero,Midfield,SV Werder Bremen,EUR4.00m,2,2,0
Nediljko Labrovic,Goalkeeper,FC Augsburg,EUR4.50m,3,270,0
Nick Woltemade,Second Striker,VfB Stuttgart,EUR4.00m,1,9,0
Yan Couto,Defender,Borussia Dortmund,EUR25.00m,1,18,0
Marco Grull,Attack,SV Werder Bremen,EUR4.00m,3,87,0
Niklas Dorsch,Midfield,1.FC Heidenheim 1846,EUR4.00m,1,22,0
Alexis Claude-Maurice,Midfield,FC Augsburg,EUR3.50m,0,0,0
Arthur Vermeeren,Midfield,RB Leipzig,EUR25.00m,2,25,0
Keke Topp,Centre-Forward,SV Werder Bremen,EUR3.00m,3,54,0
Philipp Sander,Midfield,Borussia Monchengladbach,EUR3.00m,3,152,0
Haris Tabakovic,Centre-Forward,TSG 1899 Hoffenheim,EUR2.50m,1,5,0
Dimitrios Giannoulis,Defender,FC Augsburg,EUR2.80m,3,253,0
Justin Diehl,Attack,VfB Stuttgart,EUR2.50m,1,25,0
El Bilal Toure,Centre-Forward,VfB Stuttgart,EUR20.00m,2,31,0
Kaishu Sano,Midfield,1.FSV Mainz 05,EUR1.50m,3,255,0
Bence Dardai,Midfield,VfL Wolfsburg,EUR2.00m,1,10,0
Koji Miyoshi,Midfield,VfL Bochum,EUR2.00m,1,64,0
Kjell Watjen,Midfield,Borussia Dortmund,EUR2.00m,0,0,0
Jakov Medic,Defender,VfL Bochum,EUR2.00m,3,257,0
Magnus Knudsen,Midfield,Holstein Kiel,EUR2.00m,3,244,0
Marius Muller,Goalkeeper,VfL Wolfsburg,EUR1.00m,0,0,0
Luca Kerber,Midfield,1.FC Heidenheim 1846,EUR1.30m,2,58,0
Aliou Balde,Attack,VfL Bochum,EUR800k,3,77,0
Nikolas Veratschnig,Defender,1.FSV Mainz 05,EUR1.00m,1,3,0
Samuel Bamba,Attack,VfL Bochum,EUR800k,2,7,0
Timo Horn,Goalkeeper,VfL Bochum,EUR800k,0,0,0
Ramon Hendriks,Defender,VfB Stuttgart,EUR800k,1,1,0
Denis Vavro,Defender,VfL Wolfsburg,EUR5.00m,0,0,0
Oscar Hojlund,Midfield,Eintracht Frankfurt,EUR700k,1,13,0
Woo-yeong Jeong,Midfield,1.FC Union Berlin,EUR3.50m,2,22,0
Patrick Drewes,Goalkeeper,VfL Bochum,EUR600k,3,270,0
Fin Stevens,Defender,FC St. Pauli,EUR450k,0,0,0
Dominik Javorcek,Defender,Holstein Kiel,EUR550k,1,45,0
Ben Voll,Goalkeeper,FC St. Pauli,EUR500k,0,0,0
Frans Kratzig,Defender,VfB Stuttgart,EUR2.00m,1,57,0
Morgan Guilavogui,Centre-Forward,FC St. Pauli,EUR3.00m,3,172,0
Phil Harres,Centre-Forward,Holstein Kiel,EUR500k,0,0,0
Scott Banks,Attack,FC St. Pauli,EUR300k,0,0,0
Jannik Huth,Goalkeeper,SC Freiburg,EUR400k,0,0,0
Anrie Chase,Defender,VfB Stuttgart,EUR350k,3,205,0
Andu Kelati,Attack,Holstein Kiel,EUR300k,1,37,0
Bruno Ogbus,Defender,SC Freiburg,EUR150k,2,17,0
Mathys Angely,Defender,VfL Wolfsburg,EUR50k,0,0,0
Florian Micheler,Midfield,TSG 1899 Hoffenheim,-,1,31,0
Hiroki Ito,Defender,Bayern Munich,EUR30.00m,0,0,N/A
Bryan Zaragoza,Attack,Bayern Munich,EUR12.00m,0,0,N/A
Assan Ouedraogo,Midfield,RB Leipzig,EUR10.00m,0,0,N/A
Ameen Al-Dakhil,Defender,VfB Stuttgart,EUR12.00m,0,0,N/A
Leonidas Stergiou,Defender,VfB Stuttgart,EUR5.00m,0,0,N/A
Alex Kral,Midfield,1.FC Union Berlin,EUR5.00m,0,0,N/A
Krisztian Lisztes,Midfield,Eintracht Frankfurt,EUR3.00m,0,0,N/A
Erencan Yardimci,Centre-Forward,TSG 1899 Hoffenheim,EUR2.00m,0,0,N/A
Armindo Sieb,Second Striker,Bayern Munich,EUR4.00m,0,0,N/A
Lovro Zvonarek,Midfield,Bayern Munich,EUR3.00m,0,0,N/A
Andrej Ilic,Centre-Forward,1.FC Union Berlin,EUR3.00m,0,0,N/A
Ivan Ordets,Defender,VfL Bochum,EUR2.50m,0,0,N/A
Maurice Krattenmacher,Midfield,Bayern Munich,EUR2.00m,0,0,N/A
Maximilian Philipp,Second Striker,SC Freiburg,EUR2.00m,0,0,N/A
Julian Niehues,Midfield,1.FC Heidenheim 1846,EUR1.50m,0,0,N/A
Christopher Lenz,Defender,TSG 1899 Hoffenheim,EUR1.50m,0,0,N/A
Arthur Chaves,Defender,TSG 1899 Hoffenheim,EUR1.20m,0,0,N/A
Gibson Nana Adu,Centre-Forward,Bayern Munich,EUR1.00m,0,0,N/A
Gabriel Vidovic,Attack,1.FSV Mainz 05,EUR3.50m,0,0,N/A
Berkay Yilmaz,Defender,SC Freiburg,EUR500k,0,0,N/A
Iker Bravo,Centre-Forward,Bayer 04 Leverkusen,EUR500k,0,0,N/A
Luca Raimund,Attack,VfB Stuttgart,EUR500k,0,0,N/A
Livan Burcu,Attack,1.FC Union Berlin,EUR450k,0,0,N/A
Kofi Amoako,Midfield,VfL Wolfsburg,EUR400k,0,0,N/A
Carl Klaus,Goalkeeper,1.FC Union Berlin,EUR350k,0,0,N/A
Stefan Drljaca,Goalkeeper,VfB Stuttgart,EUR325k,0,0,N/A
Johan Manzambi,Midfield,SC Freiburg,EUR250k,0,0,N/A
Niklas Jahn,Midfield,VfL Bochum,EUR200k,0,0,N/A
Lukas Petersson,Goalkeeper,TSG 1899 Hoffenheim,EUR150k,0,0,N/A
Noahkai Banks,Defender,FC Augsburg,EUR150k,0,0,N/A
Mahmut Kucuksahin,Midfield,FC Augsburg,EUR100k,0,0,N/A
Markus Kolke,Goalkeeper,SV Werder Bremen,EUR300k,0,0,N/A
Lennart Koerdt,Midfield,VfL Bochum,-,0,0,N/A
Yannick Eduardo,Centre-Forward,RB Leipzig,-,0,0,N/A
Manuel Braun,Defender,VfL Wolfsburg,-,0,0,N/A
Christopher Negele,Attack,1.FC Heidenheim 1846,-,0,0,N/A
Tim Kohler,Defender,RB Leipzig,-,0,0,N/A
Cole Campbell,Attack,Borussia Dortmund,-,0,0,N/A
Sebastian Nanasi,Midfield,RC Strasbourg Alsace,EUR8.00m,3,163,2
Lamine Camara,Midfield,AS Monaco,EUR10.00m,3,270,1
Albert Gronbaek,Midfield,Stade Rennais FC,EUR12.00m,4,317,1
Jonathan Clauss,Defender,OGC Nice,EUR12.00m,4,334,1
Bamba Dieng,Centre-Forward,Angers SCO,EUR4.00m,2,135,1
Ludovic Ajorque,Centre-Forward,Stade Brestois 29,EUR3.00m,4,301,1
Yaya Fofana,Midfield,Stade Reims,EUR150k,4,228,1
Elye Wahi,Centre-Forward,Olympique Marseille,EUR35.00m,3,214,1
Thilo Kehrer,Defender,AS Monaco,EUR10.00m,3,270,1
Leo Ostigard,Defender,Stade Rennais FC,EUR8.00m,3,270,1
Henrik Meister,Centre-Forward,Stade Rennais FC,EUR600k,3,38,1
Matthis Abline,Centre-Forward,FC Nantes,EUR6.00m,4,321,1
Jhoanner Chavez,Defender,RC Lens,EUR2.00m,3,226,1
Thomas Meunier,Defender,LOSC Lille,EUR2.50m,4,210,1
Lasso Coulibaly,Attack,AJ Auxerre,EUR1.50m,2,36,1
Neal Maupay,Centre-Forward,Olympique Marseille,EUR12.00m,2,86,1
Joao Neves,Midfield,Paris Saint-Germain,EUR55.00m,4,258,0
Tino Kadewere,Centre-Forward,FC Nantes,EUR2.50m,4,258,0
Desire Doue,Attack,Paris Saint-Germain,EUR30.00m,3,80,0
Anass Zaroury,Midfield,RC Lens,EUR9.00m,3,112,0
Tanguy Ndombele,Midfield,OGC Nice,EUR8.00m,4,341,0
Zuriko Davitashvili,Attack,AS Saint-Etienne,EUR3.00m,4,332,0
Soumaila Coulibaly,Defender,Stade Brestois 29,EUR6.00m,1,16,0
Aurelio Buta,Defender,Stade Reims,EUR5.00m,2,176,0
Djibril Sidibe,Defender,FC Toulouse,EUR1.50m,4,115,0
Yanis Zouaoui,Defender,Le Havre AC,EUR600k,1,75,0
Nhoa Sangui,Defender,Stade Reims,-,4,299,0
Willian Pacho,Defender,Paris Saint-Germain,EUR35.00m,4,297,0
Moussa Niakhate,Defender,Olympique Lyon,EUR16.00m,4,360,0
Ernest Nuamah,Attack,Olympique Lyon,EUR18.00m,2,93,0
Orel Mangala,Midfield,Olympique Lyon,EUR20.00m,1,68,0
Youssoufa Moukoko,Centre-Forward,OGC Nice,EUR22.00m,1,21,0
Matvey Safonov,Goalkeeper,Paris Saint-Germain,EUR20.00m,0,0,0
Georges Mikautadze,Centre-Forward,Olympique Lyon,EUR20.00m,4,247,0
Said Benrahma,Attack,Olympique Lyon,EUR20.00m,2,171,0
Djordje Petrovic,Goalkeeper,RC Strasbourg Alsace,EUR20.00m,1,90,0
George Ilenikhena,Centre-Forward,AS Monaco,EUR10.00m,4,86,0
Pierre-Emile Hojbjerg,Midfield,Olympique Marseille,EUR18.00m,4,356,0
Jordan Teze,Defender,AS Monaco,EUR18.00m,3,73,0
Hamed Junior Traore,Midfield,AJ Auxerre,EUR17.00m,2,180,0
Gabriel Moscardo,Midfield,Stade Reims,EUR15.00m,0,0,0
Romain Faivre,Midfield,Stade Brestois 29,EUR15.00m,3,180,0
Valentin Carboni,Midfield,Olympique Marseille,EUR15.00m,2,36,0
Ismael Kone,Midfield,Olympique Marseille,EUR11.00m,1,18,0
Lilian Brassier,Defender,Olympique Marseille,EUR12.00m,3,270,0
Mikayil Faye,Defender,Stade Rennais FC,EUR10.00m,0,0,0
Andre Gomes,Midfield,LOSC Lille,EUR10.00m,0,0,0
Mamadou Sarr,Defender,RC Strasbourg Alsace,EUR1.00m,0,0,0
Jota,Attack,Stade Rennais FC,EUR9.00m,1,22,0
Jonathan Rowe,Attack,Olympique Marseille,EUR9.00m,3,65,0
Osame Sahraoui,Attack,LOSC Lille,EUR8.50m,4,258,0
Naouirou Ahamada,Midfield,Stade Rennais FC,EUR8.00m,0,0,0
Warmed Omari,Defender,Olympique Lyon,EUR8.00m,0,0,0
Abner,Defender,Olympique Lyon,EUR7.00m,4,297,0
Abdallah Sima,Attack,Stade Brestois 29,EUR7.50m,3,150,0
Guela Doue,Defender,RC Strasbourg Alsace,EUR7.00m,4,360,0
Tanner Tessmann,Midfield,Olympique Lyon,EUR7.00m,2,5,0
M'Bala Nzola,Centre-Forward,RC Lens,EUR7.00m,0,0,0
Moise Bombito,Defender,OGC Nice,EUR4.50m,2,155,0
Duje Caleta-Car,Defender,Olympique Lyon,EUR7.00m,4,360,0
Martin Satriano,Centre-Forward,RC Lens,EUR7.00m,3,25,0
Mitchel Bakker,Defender,LOSC Lille,EUR6.50m,1,14,0
Sekou Mara,Centre-Forward,RC Strasbourg Alsace,EUR6.00m,3,64,0
Glen Kamara,Midfield,Stade Rennais FC,EUR6.00m,4,260,0
Bamo Meite,Defender,Olympique Marseille,EUR6.00m,3,24,0
Johann Lepenant,Midfield,FC Nantes,EUR6.00m,4,267,0
Mark McKenzie,Defender,FC Toulouse,EUR6.00m,3,245,0
Felix Lemarechal,Midfield,RC Strasbourg Alsace,EUR5.00m,2,70,0
Oscar Perea,Attack,RC Strasbourg Alsace,EUR2.00m,0,0,0
Kamory Doumbia,Midfield,Stade Brestois 29,EUR5.00m,1,22,0
Geronimo Rulli,Goalkeeper,Olympique Marseille,EUR5.00m,4,360,0
Ngal'ayel Mukau,Midfield,LOSC Lille,EUR3.00m,3,130,0
Jordan James,Midfield,Stade Rennais FC,EUR4.50m,2,19,0
Mama Balde,Centre-Forward,Stade Brestois 29,EUR4.00m,1,22,0
Ki-Jana Hoever,Defender,AJ Auxerre,EUR4.50m,2,131,0
Charlie Cresswell,Defender,FC Toulouse,EUR4.00m,4,251,0
Mohamed Abdelmonem,Defender,OGC Nice,EUR3.00m,2,112,0
Sorba Thomas,Attack,FC Nantes,EUR4.20m,4,260,0
Malang Sarr,Defender,RC Lens,EUR4.00m,0,0,0
Derek Cornelius,Defender,Olympique Marseille,EUR2.80m,3,254,0
Ibrahim Salah,Attack,Stade Brestois 29,EUR4.00m,1,10,0
Jordan Veretout,Midfield,Olympique Lyon,EUR15.00m,1,25,0
Sinaly Diomande,Defender,AJ Auxerre,EUR4.00m,2,114,0
Hans Hateboer,Defender,Stade Rennais FC,EUR3.50m,4,211,0
Edimilson Fernandes,Defender,Stade Brestois 29,EUR3.50m,1,80,0
Nicolas Cozza,Defender,FC Nantes,EUR3.50m,1,1,0
Gabriel Osho,Defender,AJ Auxerre,EUR3.00m,4,336,0
Jeffrey de Lange,Goalkeeper,Olympique Marseille,EUR3.00m,0,0,0
Matias Fernandez-Pardo,Centre-Forward,LOSC Lille,EUR3.00m,1,22,0
Augustine Boakye,Midfield,AS Saint-Etienne,EUR3.00m,2,50,0
Diego Moreira,Attack,RC Strasbourg Alsace,EUR3.00m,4,216,0
Lucas Stassin,Centre-Forward,AS Saint-Etienne,EUR3.00m,1,81,0
Ilyes Housni,Centre-Forward,Le Havre AC,EUR2.80m,1,8,0
Pierre Ekwah,Midfield,AS Saint-Etienne,EUR2.80m,1,90,0
Yoram Zague,Defender,Paris Saint-Germain,EUR2.50m,1,71,0
Cedric Kipre,Defender,Stade Reims,EUR2.50m,3,101,0
Timothee Pembele,Defender,Le Havre AC,EUR2.50m,0,0,0
Abdoulaye Ndiaye,Defender,Stade Brestois 29,EUR2.50m,0,0,0
Yoram Zague,Defender,Paris Saint-Germain,EUR2.50m,1,71,0
Miha Zajc,Midfield,FC Toulouse,EUR2.40m,1,8,0
Joshua King,Attack,FC Toulouse,EUR2.30m,2,72,0
Jim Allevinah,Attack,Angers SCO,EUR2.00m,1,72,0
Massadio Haidara,Defender,Stade Brestois 29,EUR2.00m,1,90,0
Theo Bair,Centre-Forward,AJ Auxerre,EUR1.00m,3,172,0
Aissa Mandi,Defender,LOSC Lille,EUR1.80m,3,228,0
Julien Le Cardinal,Defender,Stade Brestois 29,EUR1.50m,4,344,0
Haris Belkebla,Midfield,Angers SCO,EUR1.70m,1,90,0
Ethan Mbappe,Midfield,LOSC Lille,EUR1.50m,2,71,0
Antoine Joujou,Attack,Le Havre AC,EUR1.50m,4,221,0
Remy Descamps,Goalkeeper,Olympique Lyon,EUR1.50m,0,0,0
Pape Diong,Midfield,RC Strasbourg Alsace,-,1,45,0
Jordan Amavi,Defender,Stade Brestois 29,EUR1.20m,3,248,0
Pierre Cornud,Defender,AS Saint-Etienne,EUR1.20m,2,174,0
Umit Akdag,Defender,FC Toulouse,EUR800k,0,0,0
Jean-Eudes Aholou,Midfield,Angers SCO,EUR800k,3,227,0
Patrik Carlgren,Goalkeeper,FC Nantes,EUR800k,0,0,0
Jacques Ekomie,Defender,Angers SCO,EUR700k,3,225,0
Carlens Arcus,Defender,Angers SCO,EUR700k,4,290,0
Yunis Abdelhamid,Defender,AS Saint-Etienne,EUR600k,4,360,0
Ali Abdi,Defender,OGC Nice,EUR1.50m,1,21,0
Mahamadou Nagida,Defender,Stade Rennais FC,EUR500k,1,8,0
Ali Abdi,Defender,OGC Nice,EUR1.50m,1,21,0
Ben Old,Attack,AS Saint-Etienne,EUR400k,3,175,0
Emmanuel Biumla,Defender,Angers SCO,EUR400k,2,102,0
Karl-Johan Johnsson,Goalkeeper,RC Strasbourg Alsace,EUR400k,3,270,0
Hamzat Ojediran,Midfield,RC Lens,EUR400k,2,58,0
Brice Maubleu,Goalkeeper,AS Saint-Etienne,EUR350k,0,0,0
Rabby Nzingoula,Midfield,Montpellier HSC,EUR300k,2,136,0
Othmane Maamma,Attack,Montpellier HSC,EUR300k,1,10,0
Mathis Amougou,Midfield,AS Saint-Etienne,EUR300k,4,346,0
Marc-Aurele Caillard,Goalkeeper,LOSC Lille,EUR200k,0,0,0
Denis Petric,Goalkeeper,RC Lens,EUR100k,0,0,0
Djaoui Cisse,Midfield,Stade Rennais FC,EUR100k,0,0,0
Dehmaine Assoumani,Midfield,FC Nantes,EUR50k,1,10,0
Ismail Bouneb,Midfield,Le Havre AC,EUR50k,0,0,0
Beres Owusu,Defender,AS Saint-Etienne,-,1,90,0
Vincent Burlet,Defender,LOSC Lille,-,0,0,0
Ben Viadere,Midfield,AJ Auxerre,-,1,4,0
Keyliane Abdallah,Attack,Olympique Marseille,-,1,2,0
Abdoul Kone,Defender,Stade Reims,-,1,61,0
Glenn Ngosso,Centre-Forward,Montpellier HSC,-,0,0,0
Victor Mayela,Defender,AJ Auxerre,-,0,0,0
Victor Orakpo,Centre-Forward,OGC Nice,-,2,13,0
Enzo Sternal,Attack,Olympique Marseille,-,1,11,0
Victor Mayela,Defender,AJ Auxerre,-,0,0,0
Adrien Rabiot,Midfield,Olympique Marseille,EUR35.00m,0,0,N/A
Morgan Sanson,Midfield,OGC Nice,EUR8.00m,0,0,N/A
Paris Brunner,Centre-Forward,AS Monaco,-,0,0,N/A
Igor Miladinovic,Midfield,AS Saint-Etienne,EUR3.20m,0,0,N/A
Wilfried Zaha,Attack,Olympique Lyon,EUR11.00m,0,0,N/A
Yoni Gomis,Defender,RC Strasbourg Alsace,-,0,0,N/A
Birama Toure,Midfield,Montpellier HSC,EUR1.60m,0,0,N/A
Mohamed Jaouab,Defender,Stade Rennais FC,EUR600k,0,0,N/A
Ayanda Sishuba,Midfield,RC Lens,EUR500k,0,0,N/A
Ewen Jaouen,Goalkeeper,Stade Reims,EUR400k,0,0,N/A
Sidi Bane,Defender,RC Lens,EUR150k,0,0,N/A
Trevis Dago,Centre-Forward,LOSC Lille,EUR200k,0,0,N/A
Nathan Buayi-Kiala,Midfield,AJ Auxerre,EUR200k,0,0,N/A
Lisandru Olmeta,Goalkeeper,LOSC Lille,EUR200k,0,0,N/A
Aboubacar Ali Abdallah,Attack,RC Strasbourg Alsace,EUR150k,0,0,N/A
Paul Argney,Goalkeeper,Le Havre AC,EUR150k,0,0,N/A
Karim Cisse,Midfield,AS Saint-Etienne,EUR150k,0,0,N/A
Simon Ebonog,Midfield,Le Havre AC,EUR100k,0,0,N/A
Darling Bladi,Defender,AS Saint-Etienne,EUR50k,0,0,N/A
Mokrane Bentoumi,Midfield,Le Havre AC,EUR50k,0,0,N/A
Marius Courcoul,Defender,Angers SCO,EUR50k,0,0,N/A
Yassine Benhattab,Midfield,FC Nantes,-,0,0,N/A
Aliou Thiare,Defender,Le Havre AC,-,0,0,N/A
Yassine Benhattab,Midfield,FC Nantes,-,0,0,N/A
Anthony Bermont,Midfield,RC Lens,-,0,0,N/A
Abdelhamid Ait Boudlal,Defender,Stade Rennais FC,-,0,0,N/A
Oumar Pona,Goalkeeper,Angers SCO,-,0,0,N/A
Patrick Ouotro,Centre-Forward,RC Strasbourg Alsace,-,0,0,N/A
Noah Jauny,Goalkeeper,Stade Brestois 29,-,0,0,N/A
Rayan Bamba,Defender,Stade Rennais FC,-,0,0,N/A
Islamdine Halifa,Midfield,Olympique Lyon,-,0,0,N/A
Tom Pouilly,Midfield,RC Lens,-,0,0,N/A
Ruben Londja,Attack,Le Havre AC,-,0,0,N/A
Tom Negrel,Goalkeeper,AJ Auxerre,-,0,0,N/A
Patrick Ouotro,Centre-Forward,RC Strasbourg Alsace,-,0,0,N/A
Noah Jauny,Goalkeeper,Stade Brestois 29,-,0,0,N/A
Rayan Bamba,Defender,Stade Rennais FC,-,0,0,N/A
Islamdine Halifa,Midfield,Olympique Lyon,-,0,0,N/A
Tom Pouilly,Midfield,RC Lens,-,0,0,N/A
Ruben Londja,Attack,Le Havre AC,-,0,0,N/A
Anthony Bermont,Midfield,RC Lens,-,0,0,N/A
Abdelhamid Ait Boudlal,Defender,Stade Rennais FC,-,0,0,N/A
Oumar Pona,Goalkeeper,Angers SCO,-,0,0,N/A
Tom Negrel,Goalkeeper,AJ Auxerre,-,0,0,N/A
Patrick Ouotro,Centre-Forward,RC Strasbourg Alsace,-,0,0,N/A
Noah Jauny,Goalkeeper,Stade Brestois 29,-,0,0,N/A
Rayan Bamba,Defender,Stade Rennais FC,-,0,0,N/A
Islamdine Halifa,Midfield,Olympique Lyon,-,0,0,N/A
Tom Pouilly,Midfield,RC Lens,-,0,0,N/A
Ruben Londja,Attack,Le Havre AC,-,0,0,N/A
Anthony Bermont,Midfield,RC Lens,-,0,0,N/A
Abdelhamid Ait Boudlal,Defender,Stade Rennais FC,-,0,0,N/A
Oumar Pona,Goalkeeper,Angers SCO,-,0,0,N/A
